{
  "Email": {
    "Smtp": {
      "Domain": "",
      "Port": 25,
      "SSL": false,
      "From": "",
      "FromName": "",
      "Username": "",
      "Password": ""
    },
    "Actions": [
      {
        "Type": "signup",
        "Client": null,
        "Subject": "Welcome to Saber!"
      },
      {
        "Type": "forgotpass",
        "Client": null,
        "Subject": "Saber Password Reset"
      },
      {
        "Type": "newsletter",
        "Client": null,
        "Subject": null
      }
    ]
  },
  "Passwords": {
    "MinChars": 8,
    "MaxChars": 16,
    "MinNumbers": 1,
    "MinUppercase": 1,
    "MinSpecialChars": 0,
    "NoSpaces": true,
    "MaxConsecutiveChars": 3
  },
  "Languages": [],
  "PageTitles": [],
  "Stylesheets": [],
  "Scripts": [
    "/editor/js/platform.js"
  ],
  "Users": {
    "groupId": null,
    "maxSignups": null,
    "maxSignupsMinutes": null
  }
}